Workbook

Sheet Harvest Records
A1: No | B1: Crop | C1: Variety | D1: Planting Date | E1: Est. Harvest Date | F1: Actual Harvest Date | G1: Quantity Harvested | H1: Unit | I1: Price per Unit (LKR) | J1: Total Revenue (LKR)
A2: 1 | B2: Paddy | C2: BG 250 | D2: 45570 | E2: 45690 | F2: 45691 | G2: 202 | H2: kg | I2: 127.91 | J2: =G2*I2 -> 25837.82
A3: 2 | B3: Paddy | C3: BG 300 (Improved) | D3: 45785 | E3: 45905 | F3: 45906 | G3: 221 | H3: kg | I3: 116.04 | J3: =G3*I3 -> 25644.84
A4: 3 | B4: Paddy | C4: BG 250 | D4: 45942 | E4: 46062 | F4: 46063 | G4: 138 | H4: kg | I4: 122.85 | J4: =G4*I4 -> 16953.3
A5: 4 | B5: Paddy | C5: BW 372 | D5: 45426 | E5: 45546 | F5: 45549 | G5: 144 | H5: kg | I5: 104.63 | J5: =G5*I5 -> 15066.72
A6: 5 | B6: Paddy | C6: BG 250 | D6: 45573 | E6: 45693 | F6: 45688 | G6: 134 | H6: kg | I6: 126.39 | J6: =G6*I6 -> 16936.26
A7: 6 | B7: Paddy | C7: BW 372 | D7: 45789 | E7: 45909 | F7: 45914 | G7: 174 | H7: kg | I7: 91.5 | J7: =G7*I7 -> 15921
A8: 7 | B8: Paddy | C8: BG 250 | D8: 45945 | E8: 46065 | F8: 46065 | G8: 231 | H8: kg | I8: 106.73 | J8: =G8*I8 -> 24654.63
A9: 8 | B9: Tomato | C9: Thilina F1 | D9: 45306 | E9: 45396 | F9: 45399 | G9: 110 | H9: kg | I9: 69.07 | J9: =G9*I9 -> 7597.7
A10: 9 | B10: Brinjal | C10: Local Long Purple | D10: 45417 | E10: 45517 | F10: 45520 | G10: 114 | H10: kg | I10: 84.14 | J10: =G10*I10 -> 9591.96
A11: 10 | B11: Tomato | C11: Thilina F1 | D11: 45566 | E11: 45656 | F11: 45651 | G11: 152 | H11: kg | I11: 72.38 | J11: =G11*I11 -> 11001.76
A12: 11 | B12: Brinjal | C12: Local Long Purple | D12: 45698 | E12: 45798 | F12: 45794 | G12: 88 | H12: kg | I12: 124.14 | J12: =G12*I12 -> 10924.32
A13: 12 | B13: Tomato | C13: Thilina F1 | D13: 45843 | E13: 45933 | F13: 45927 | G13: 154 | H13: kg | I13: 154.77 | J13: =G13*I13 -> 23834.58
... A38: 37 | B38: Ladies Finger | C38: Haritha | D38: 45818 | E38: 45878 | F38: 45878 | G38: 76 | H38: kg | I38: 143.74 | J38: =G38*I38 -> 10924.24
F40: TOTAL | G40: =SUM(G2:G38) -> 4570 | J40: =SUM(J2:J38) -> 634425.38
B42: Note: Quantity Harvested and Price per Unit are estimated figures scaled to a small home/demo farm plot (roughly 30-300 units per batch), using approximate 2024-2026 Sri Lankan farmgate/wholesale price ranges (LKR). Coconut is priced per nut, not per kg. Adjust these two columns with your own figures if you have real data - Total Revenue recalculates automatically.

Sheet Summary by Crop
A1: Crop | B1: No. of Batches | C1: Total Quantity Harvested | D1: Unit | E1: Avg. Price per Unit (LKR) | F1: Total Revenue (LKR)
A2: Paddy | B2: =COUNTIF('Harvest Records'!B:B,A2) -> 8 | C2: =SUMIF('Harvest Records'!B:B,A2,'Harvest Records'!G:G) -> 1410 | D2: kg | E2: =IFERROR(SUMIF('Harvest Records'!B:B,A2,'Harvest Records'!J:J)/C2,0) -> 111.09113 | F2: =SUMIF('Harvest Records'!B:B,A2,'Harvest Records'!J:J) -> 156638.49
A3: Tomato | B3: =COUNTIF('Harvest Records'!B:B,A3) -> 3 | C3: =SUMIF('Harvest Records'!B:B,A3,'Harvest Records'!G:G) -> 416 | D3: kg | E3: =IFERROR(SUMIF('Harvest Records'!B:B,A3,'Harvest Records'!J:J)/C3,0) -> 102.0049 | F3: =SUMIF('Harvest Records'!B:B,A3,'Harvest Records'!J:J) -> 42434.04
A4: Brinjal | B4: =COUNTIF('Harvest Records'!B:B,A4) -> 3 | C4: =SUMIF('Harvest Records'!B:B,A4,'Harvest Records'!G:G) -> 335 | D4: kg | E4: =IFERROR(SUMIF('Harvest Records'!B:B,A4,'Harvest Records'!J:J)/C4,0) -> 109.27746 | F4: =SUMIF('Harvest Records'!B:B,A4,'Harvest Records'!J:J) -> 36607.95
A5: Beans | B5: =COUNTIF('Harvest Records'!B:B,A5) -> 4 | C5: =SUMIF('Harvest Records'!B:B,A5,'Harvest Records'!G:G) -> 243 | D5: kg | E5: =IFERROR(SUMIF('Harvest Records'!B:B,A5,'Harvest Records'!J:J)/C5,0) -> 212.6272 | F5: =SUMIF('Harvest Records'!B:B,A5,'Harvest Records'!J:J) -> 51668.41
A6: Ladies Finger | B6: =COUNTIF('Harvest Records'!B:B,A6) -> 3 | C6: =SUMIF('Harvest Records'!B:B,A6,'Harvest Records'!G:G) -> 177 | D6: kg | E6: =IFERROR(SUMIF('Harvest Records'!B:B,A6,'Harvest Records'!J:J)/C6,0) -> 149.5065 | F6: =SUMIF('Harvest Records'!B:B,A6,'Harvest Records'!J:J) -> 26462.65
A7: Corn | B7: =COUNTIF('Harvest Records'!B:B,A7) -> 3 | C7: =SUMIF('Harvest Records'!B:B,A7,'Harvest Records'!G:G) -> 408 | D7: kg | E7: =IFERROR(SUMIF('Harvest Records'!B:B,A7,'Harvest Records'!J:J)/C7,0) -> 77.178333 | F7: =SUMIF('Harvest Records'!B:B,A7,'Harvest Records'!J:J) -> 31488.76
A8: Green Chilli | B8: =COUNTIF('Harvest Records'!B:B,A8) -> 3 | C8: =SUMIF('Harvest Records'!B:B,A8,'Harvest Records'!G:G) -> 210 | D8: kg | E8: =IFERROR(SUMIF('Harvest Records'!B:B,A8,'Harvest Records'!J:J)/C8,0) -> 278.27181 | F8: =SUMIF('Harvest Records'!B:B,A8,'Harvest Records'!J:J) -> 58437.08
A9: Turmeric | B9: =COUNTIF('Harvest Records'!B:B,A9) -> 2 | C9: =SUMIF('Harvest Records'!B:B,A9,'Harvest Records'!G:G) -> 144 | D9: kg | E9: =IFERROR(SUMIF('Harvest Records'!B:B,A9,'Harvest Records'!J:J)/C9,0) -> 397.96965 | F9: =SUMIF('Harvest Records'!B:B,A9,'Harvest Records'!J:J) -> 57307.63
A10: Papaya | B10: =COUNTIF('Harvest Records'!B:B,A10) -> 2 | C10: =SUMIF('Harvest Records'!B:B,A10,'Harvest Records'!G:G) -> 359 | D10: kg | E10: =IFERROR(SUMIF('Harvest Records'!B:B,A10,'Harvest Records'!J:J)/C10,0) -> 106.48666 | F10: =SUMIF('Harvest Records'!B:B,A10,'Harvest Records'!J:J) -> 38228.71
A11: Mango | B11: =COUNTIF('Harvest Records'!B:B,A11) -> 2 | C11: =SUMIF('Harvest Records'!B:B,A11,'Harvest Records'!G:G) -> 290 | D11: kg | E11: =IFERROR(SUMIF('Harvest Records'!B:B,A11,'Harvest Records'!J:J)/C11,0) -> 224.23231 | F11: =SUMIF('Harvest Records'!B:B,A11,'Harvest Records'!J:J) -> 65027.37
A12: Coconut | B12: =COUNTIF('Harvest Records'!B:B,A12) -> 2 | C12: =SUMIF('Harvest Records'!B:B,A12,'Harvest Records'!G:G) -> 451 | D12: nuts | E12: =IFERROR(SUMIF('Harvest Records'!B:B,A12,'Harvest Records'!J:J)/C12,0) -> 101.80317 | F12: =SUMIF('Harvest Records'!B:B,A12,'Harvest Records'!J:J) -> 45913.23
A13: Lemon | B13: =COUNTIF('Harvest Records'!B:B,A13) -> 2 | C13: =SUMIF('Harvest Records'!B:B,A13,'Harvest Records'!G:G) -> 127 | D13: kg | E13: =IFERROR(SUMIF('Harvest Records'!B:B,A13,'Harvest Records'!J:J)/C13,0) -> 190.63827 | F13: =SUMIF('Harvest Records'!B:B,A13,'Harvest Records'!J:J) -> 24211.06
A14: TOTAL | C14: =SUM(C2:C13) -> 4570 | F14: =SUM(F2:F13) -> 634425.38
